{"train/grad_norm":0.96875,"eval/samples_per_second":2.384,"train_samples_per_second":0.543,"train/learning_rate":1.4447884416924666e-06,"eval/runtime":406.5218,"train/loss":0.2461,"eval/steps_per_second":1.193,"eval/num_tokens":2.297825e+06,"_runtime":28548,"train_loss":0.643814346000506,"train/num_tokens":2.340154e+06,"_wandb":{"runtime":28548},"train/epoch":2,"eval/mean_token_accuracy":0.8917721216211614,"eval/loss":0.3771996796131134,"train_runtime":28549.7986,"train/mean_token_accuracy":0.9114502943479098,"train/entropy":0.31635421629135424,"_timestamp":1.7715152133418915e+09,"total_flos":7.267013486105395e+16,"train_steps_per_second":0.068,"_step":96,"train/global_step":1938,"eval/entropy":0.37925581548017323}