{"train/global_step":1938,"_timestamp":1.7715096072968688e+09,"_step":96,"eval/mean_token_accuracy":0.7870999055504184,"train_samples_per_second":0.923,"eval/num_tokens":2.297825e+06,"_wandb":{"runtime":16795},"train/grad_norm":1.2694064378738403,"eval/steps_per_second":3.983,"train/num_tokens":2.340154e+06,"train/epoch":2,"train_runtime":16796.5969,"train/entropy":0.7183124978954976,"total_flos":5.118349842561638e+16,"train_steps_per_second":0.115,"eval/runtime":243.2544,"train/loss":0.75,"train_loss":1.0092700140395032,"train/learning_rate":1.5965939329430548e-06,"_runtime":16795,"eval/samples_per_second":3.983,"eval/entropy":0.7666544468748557,"train/mean_token_accuracy":0.8036169667656605,"eval/loss":0.7824394106864929}