{"eval/loss":0.9463936686515808,"train_samples_per_second":1.209,"train/entropy":0.8961572569723313,"_timestamp":1.7715143835379882e+09,"train_runtime":12820.9584,"_runtime":12820,"total_flos":4.314247537821696e+16,"eval/samples_per_second":4.742,"eval/entropy":0.9539146397658792,"train_steps_per_second":0.151,"train/num_tokens":2.229882e+06,"train/loss":0.9522,"eval/steps_per_second":4.742,"eval/mean_token_accuracy":0.7613174912238145,"eval/num_tokens":2.189695e+06,"_wandb":{"runtime":12820},"train_loss":1.1281578636759944,"train/mean_token_accuracy":0.7778288911168392,"train/epoch":2,"train/grad_norm":0.8930703997612,"train/global_step":1938,"_step":96,"train/learning_rate":1.4901543374135179e-06,"eval/runtime":204.3656}