{"total_flos":4.915909476215328e+16,"eval/mean_token_accuracy":0.7961915067105839,"_step":96,"eval/steps_per_second":2.682,"train_loss":0.9105024263954753,"train_samples_per_second":0.665,"train/learning_rate":1.4901543374135179e-06,"eval/samples_per_second":2.682,"train/global_step":1938,"train/num_tokens":2.253346e+06,"eval/num_tokens":2.211797e+06,"eval/loss":0.7663149237632751,"_timestamp":1.7715901511410909e+09,"train_steps_per_second":0.083,"train/epoch":2,"_wandb":{"runtime":23321},"train/mean_token_accuracy":0.8247602272492188,"eval/runtime":361.2905,"train_runtime":23322.5792,"eval/entropy":0.7120382916201502,"train/loss":0.6655,"train/grad_norm":1.6393104791641235,"train/entropy":0.6348409924942714,"_runtime":23321}